,count,mean,std,min,25%,50%,75%,max
ROA,389.0,0.05795685812899034,0.11667986909252355,-0.15595407598866856,0.0064034151547491995,0.04787878787878788,0.08609870661940587,0.8063294043487941
ROE,389.0,0.10907408666556323,0.49113349755957464,-1.9209540067307227,0.014266842800528402,0.10630261011862807,0.18436217767240157,2.6070705394190843
DebtToEquity,389.0,1.0455625979777807,2.6433358300759116,-6.20355477691742,0.19398713727420994,0.4657444005270092,0.9451476793248945,18.61510970996217
DebtToAssets,389.0,0.25011629175362005,0.17695505040676243,0.0,0.10644857412006509,0.23098473175514778,0.34786887935041144,0.7055815307314661
CurrentRatio,389.0,1.5641746330509747,1.0054137911898482,0.3003992707242396,0.9308266360505169,1.334172963895886,1.8129200335585287,5.556134870992963
QuickRatio,389.0,1.167630943133763,0.741467266712456,0.25726854485909956,0.6967799642218246,1.015107913669071,1.4082178052446965,4.715305383022778
LogTotalAssets,389.0,14.311474480790821,1.00508026081168,11.560388370108916,13.522480879185897,14.400620309796194,15.099744507642962,16.09596610138819
FirmAge,386.0,35.9119170984456,29.891275067255933,0.0,15.0,25.0,55.0,120.0
ESG_Score,389.0,57.00180940280524,14.730077855204815,9.63860365068609,47.9579952204896,56.7963012074164,67.1740861126992,89.3677278140843
